Job Title,Skills
Data Scientist,"statistics, python, pandas, numpy, data analysis, machine learning"
Machine Learning Engineer,"keras, deep learning, tensorflow, model deployment, pytorch, python"
Software Engineer,"java, c++, git, python, databases, data structures, algorithms"
Web Developer,"bootstrap, express, javascript, react, css, html, node.js"
Android Developer,"java, mobile development, xml, android studio, firebase, kotlin"
iOS Developer,"objective-c, cocoapods, mobile development, swift, xcode"
DevOps Engineer,"ci/cd, linux, kubernetes, docker, jenkins, aws, terraform"
Database Administrator,"nosql, database design, mysql, oracle, sql, performance tuning"
HR,"employee engagement, human resources, communication, payroll, recruitment"
Business Analyst,"tableau, sql, business intelligence, excel, power bi, data analysis"
Data Scientist,"statistics, python, pandas, numpy, data analysis, machine learning"
Machine Learning Engineer,"keras, deep learning, tensorflow, model deployment, pytorch, python"
Software Engineer,"java, c++, git, python, databases, data structures, algorithms"
Web Developer,"bootstrap, express, javascript, react, css, html, node.js"
Android Developer,"java, mobile development, xml, android studio, firebase, kotlin"
iOS Developer,"objective-c, cocoapods, mobile development, swift, xcode"
DevOps Engineer,"ci/cd, linux, kubernetes, docker, jenkins, aws, terraform"
Database Administrator,"nosql, database design, mysql, oracle, sql, performance tuning"
HR,"employee engagement, human resources, communication, payroll, recruitment"
Business Analyst,"tableau, sql, business intelligence, excel, power bi, data analysis"
Data Scientist,"statistics, python, pandas, numpy, data analysis, machine learning"
Machine Learning Engineer,"keras, deep learning, tensorflow, model deployment, pytorch, python"
Software Engineer,"java, c++, git, python, databases, data structures, algorithms"
Web Developer,"bootstrap, express, javascript, react, css, html, node.js"
Android Developer,"java, mobile development, xml, android studio, firebase, kotlin"
iOS Developer,"objective-c, cocoapods, mobile development, swift, xcode"
DevOps Engineer,"ci/cd, linux, kubernetes, docker, jenkins, aws, terraform"
Database Administrator,"nosql, database design, mysql, oracle, sql, performance tuning"
HR,"employee engagement, human resources, communication, payroll, recruitment"
Business Analyst,"tableau, sql, business intelligence, excel, power bi, data analysis"
Data Scientist,"statistics, python, pandas, numpy, data analysis, machine learning"
Machine Learning Engineer,"keras, deep learning, tensorflow, model deployment, pytorch, python"
Software Engineer,"java, c++, git, python, databases, data structures, algorithms"
Web Developer,"bootstrap, express, javascript, react, css, html, node.js"
Android Developer,"java, mobile development, xml, android studio, firebase, kotlin"
iOS Developer,"objective-c, cocoapods, mobile development, swift, xcode"
DevOps Engineer,"ci/cd, linux, kubernetes, docker, jenkins, aws, terraform"
Database Administrator,"nosql, database design, mysql, oracle, sql, performance tuning"
HR,"employee engagement, human resources, communication, payroll, recruitment"
Business Analyst,"tableau, sql, business intelligence, excel, power bi, data analysis"
Data Scientist,"statistics, python, pandas, numpy, data analysis, machine learning"
Machine Learning Engineer,"keras, deep learning, tensorflow, model deployment, pytorch, python"
Software Engineer,"java, c++, git, python, databases, data structures, algorithms"
Web Developer,"bootstrap, express, javascript, react, css, html, node.js"
Android Developer,"java, mobile development, xml, android studio, firebase, kotlin"
iOS Developer,"objective-c, cocoapods, mobile development, swift, xcode"
DevOps Engineer,"ci/cd, linux, kubernetes, docker, jenkins, aws, terraform"
Database Administrator,"nosql, database design, mysql, oracle, sql, performance tuning"
HR,"employee engagement, human resources, communication, payroll, recruitment"
Business Analyst,"tableau, sql, business intelligence, excel, power bi, data analysis"
